{
    "age": 30,
    "region": {
        "x": 944,
        "y": 254,
        "w": 242,
        "h": 242
    },
    "gender": "Man",
    "race": {
        "asian": 0.08146186592057347,
        "indian": 0.044559373054653406,
        "black": 0.0021745745470980182,
        "white": 90.91005325317383,
        "middle eastern": 2.4351097643375397,
        "latino hispanic": 6.526637077331543
    },
    "dominant_race": "white",
    "emotion": {
        "angry": 4.180357605218887,
        "disgust": 1.8826622749656963e-05,
        "fear": 1.1137405410408974,
        "happy": 1.5928441143842065e-05,
        "sad": 30.38639724254608,
        "surprise": 0.0003763224867725512,
        "neutral": 64.31909203529358
    },
    "dominant_emotion": "neutral"
}